<?xml version="1.0"?>
<!DOCTYPE install PUBLIC "-//Joomla! 2.5//DTD template 1.0//EN" "http://www.joomla.org/xml/dtd/1.6/template-install.dtd">
<extension version="2.5" client="site" type="template" method="upgrade">
  <name>dd_appledesign_75</name>
  <creationDate>2015-07-06</creationDate>
  
   <version>2.1</version>
    <author>www.diablodesign.eu</author>
    <authorUrl>http://www.diablodesign.eu</authorUrl>
  <authorUrl/>
  <description>
	<![CDATA[
	
	<div class="dd-description clearfix">
	<h2><span style="color: #39F;"> DD AppleDesign 75 - Diablo Design template</span></h2>
	<hr>
		<div class="pull-left" style="max-width: 35.69%;">
			<img style="max-width: 100%; box-sizing: border-box; -webkit-box-sizing: border-box; padding: 10px; background: #fff; border: 1px solid #e1e1e1;" src="../templates/dd_appledesign_75/images/sc.jpg" />
		
		</div>
		<div class="pull-left" style="max-width: 64.31%; box-sizing: border-box; -webkit-box-sizing: border-box; padding: 0 30px;">
			<div style="margin-bottom: 20px;">
				<div style="margin-bottom: 20px;">
				
			
				
				<span style="color: #a0a0a0; display: block; margin-top: 2px;"><li>Not for commercial!!! for commercial use, you must pay a special license (10 EURO)</li></span>
				
				
				<span style="color: #a0a0a0; display: block; margin-top: 2px; font-size:12px;"><li><b>Why buy a license?</b><p>

It allows you to remove ALL links to DiabloDesign.eu from your web site.

Licensed Diablodedesign sites can also update their template (and remove the links to their website) with any of our current or future designs released.

<li>Prior to purchasing a license, it is expected that you have fully tested our templates to ensure they meet your requirements.</li></span>
<span style="color: #ff0000; display: block; margin-top: 2px;"><li>Szablonu nie można używać na stonach firmowych!!! Licencja dla stron firmowych kosztuje. (40PLN Brutto).</li> <li> Zakupić licencję można na naszej stronie internetowej.<a style="font-size: 15px; color: #3ea5ea;" target="_blank" href="http://www.diablodesign.eu/formularz-zamowienia">www.diablodesign.eu</a></li></span>
				<div style="margin: 20px 0 0;">
					<a style="text-decoration: none !important; outline: none;" target="_blank" href="http://www.diablodesign.eu">
						<img src="http://diablodesign.eu/images/paypal.gif" />
					</a>
					<a href="http://www.diablodesign.eu" target="_blank" style="margin: 0 20px; color: #3ea5ea;">Buy Commercial license AMOUNT 10 €</a>
				</div>
			</div>
		
			</div>
	<hr>
			<div style="margin: 0 -20px;">
				<div style="display: inline-block; margin: 0 20px 20px;">
				<a href="http://www.diablodesign.eu" target="_blank"><img src="http://www.diablodesign.eu/images/diablo_logo.png" style="width:150px;" /></a>
					<span style="display: block; color: #a0a0a0;">Free Templates for Joomla!</span>
					<a style="font-size: 15px; color: #3ea5ea;" target="_blank" href="http://www.diablodesign.eu">www.diablodesign.eu</a>
				</div>
				<div style="display: inline-block; margin: 0 20px 20px;">
				<a href="http://www.jomboom.com" target="_blank"><img src="http://jomboom.com/images/logo.png" style="width:150px;" /></a>
					<span style="display: block; color: #a0a0a0;">Free Extensions for Joomla!</span>
					<a style="font-size: 15px; color: #3ea5ea;" target="_blank" href="http://www.jomboom.com">www.jomboom.com</a>
				</div>
				
				<div style="display: inline-block; margin: 0 20px 20px;">
				<a href="http://www.templatki.com" target="_blank"><img src="http://templatki.com/images/logo.png" style="width:150px;" /></a>
					<span style="display: block; color: #a0a0a0;">Free Joomla Templates</span>
					<a style="font-size: 15px; color: #3ea5ea;" target="_blank" href="http://www.templatki.com">www.templatki.com</a>
					
				</div>
				<div style="display: inline-block; margin: 0 20px 20px;">
				<a href="http://www.templates24.org" target="_blank"><img src="http://templates24.org/logo.png" style="width:150px;" /></a>
					<span style="display: block; color: #a0a0a0;">Free and premium templates</span>
					<a style="font-size: 15px; color: #3ea5ea;" target="_blank" href="http://www.templates24.org">www.templates24.org</a>
				</div>
			</div>
		</div>
	</div>
	]]>
	</description>
  <files>
    <file>CloudZoom.js</file>
    <file>blank.png</file>
    <file>bootstrap.min.js</file>
    <file>component.php</file>
    <file>error.php</file>
    <file>functions.php</file>
    <file>index.html</file>
    <file>index.php</file>
    <file>jquery.js</file>
    <file>modrender.php</file>
    <file>script.ie.js</file>
    <file>script.js</file>
    <file>style.ie.css</file>
    <file>templateDetails.xml</file>
    <file>virtuemart.js</file>
    <folder>css</folder>
    <folder>fields</folder>
    <folder>html</folder>
    <folder>images</folder>
    <folder>includes</folder>
    <folder>js</folder>
    <folder>language</folder>
    <folder>library</folder>
    <folder>prototypes</folder>
    <folder>templates</folder>
  </files>
  <positions>
    <position>breadcrumb</position>
    <position>currency</position>
    <position>footer1</position>
    <position>footer2</position>
    <position>footer3</position>
    <position>footer4</position>
    <position>language</position>
    <position>left</position>
    <position>position-1</position>
    <position>position-7</position>
    <position>position-8</position>
    <position>topmenu</position>
  </positions>
  <config>
    <fields name="params" addfieldpath="/templates/dd_appledesign_75/fields">
	<fieldset name="license" label="License Key">
    <field type="spacer" class="text" label="......................License KEY..................................................................." />         
    <field name="license" type="text" default="License key" size="50" label="License key" description="License key"/>         
</fieldset>	
      <fieldset name="logo" label="Logo">
        <field type="spacer" class="text" label="...........................................LOGO......................................................." /> 
        <field name="logoFile" default="" type="media" label="TPL_LOGO_LABEL" description="TPL_LOGO_DESC"/>
        <field name="logoLink" default="" type="text" label="TPL_LOGOLINK_LABEL" description="TPL_LOGOLINK_DESC"/>
        <field type="spacer" name="spacer" hr="true"/>
      </fieldset>
	  <fieldset name="contact" label="Contact Header">
			 <field type="spacer" class="text" label=".........................Contact.Header............................................................" />	
			 <field name="c1" type="text" default="Company Inc." label="line 1" description="line 1"/>
			 <field name="c1c" type="radio" default="1" class="btn-group" label="" description="">
					<option value="0">Disabled</option>
					<option value="1">Enabled</option>
				</field>
			 <field name="c2" type="text" default="1235 Main Street, City, State 56789" label="line 2" description="line 3"/>
			 <field name="c2c" type="radio" default="1" class="btn-group" label="" description="">
					<option value="0">Disabled</option>
					<option value="1">Enabled</option>
				</field>
			 <field name="c3" type="text" default="Ph.: +1 555 123 4567" label="line 3" description="line 3"/>
			 <field name="c3c" type="radio" default="1" class="btn-group" label="" description="">
					<option value="0">Disabled</option>
					<option value="1">Enabled</option>
				</field>
			 <field name="c4" type="text" default="Fax: +1 555 123 4567" label="line 4" description="line 4"/>
			 <field name="c4c" type="radio" default="1" class="btn-group" label="" description="">
					<option value="0">Disabled</option>
					<option value="1">Enabled</option>
				</field>
			 <field name="c5" type="text" default="E-mail: email@company.com" label="line 5" description="line 5"/>
			 <field name="c5c" type="radio" default="1" class="btn-group" label="" description="">
					<option value="0">Disabled</option>
					<option value="1">Enabled</option>
				</field>
				</fieldset>
				<fieldset name="social" label="Social icon">	
			<field type="spacer" class="text" label="...........................................FACEBOOK................................................." />
			<field name="facebook" type="text" default="http://facebook.com" label="Facebok url:" description="facebok link" filter="string" />
				<field name="fc" type="radio" default="1" class="btn-group" label="" description="">
					<option value="0">Disabled</option>
					<option value="1">Enabled</option>
				</field>
				<field type="spacer" class="text" label=".........................................TWITTER................................................." />
            <field name="twitter" type="text" default="http://twiiter.com" label="Twitter url:" description="Twitter link" filter="string" />
				<field name="tc" type="radio" default="1" class="btn-group" label="" description="">
					<option value="0">Disabled</option>
					<option value="1">Enabled</option>
				</field>
				<field type="spacer" class="text" label=".........................................YOUTUBE......... ......................................." />
            <field name="youtube" type="text" default="http://youtube.com" label="Youtube url:" description="Youtube link" filter="string" />
				<field name="yc" type="radio" default="1" class="btn-group" label="" description="">
					<option value="0">Disabled</option>
					<option value="1">Enabled</option>
				</field>
				<field type="spacer" class="text" label=".........................................GOOGLE+................................................." />
			<field name="google" type="text" default="http://google.com" label="Google+ url:" description="Google+ link" filter="string" />
				<field name="gc" type="radio" default="1" class="btn-group" label="" description="">
					<option value="0">Disabled</option>
					<option value="1">Enabled</option>
				</field>
					<field type="spacer" class="text" label=".........................................PINTEREST..........................................." />
			<field name="pinterest" type="text" default="https://www.pinterest.com/" label="pinterest url:" description="pinterest link" filter="string" />
				<field name="pc" type="radio" default="1" class="btn-group" label="" description="">
					<option value="0">Disabled</option>
					<option value="1">Enabled</option>
				</field>
					<field type="spacer" class="text" label=".........................................INSTAGRAM..........................................." />
			<field name="instagram" type="text" default="https://instagram.com/" label="instagram url:" description="instagram link" filter="string" />
				<field name="ic" type="radio" default="1" class="btn-group" label="" description="">
					<option value="0">Disabled</option>
					<option value="1">Enabled</option>
				</field>
		        <field type="spacer" class="text" label=".........................................DISABL.ALL.ICON........................................." />
				<field name="allic" type="radio" default="1" class="btn-group" label="" description="">
					<option value="0">Disabled</option>
					<option value="1">Enabled</option>
				</field>
			
			
			</fieldset>
			 <fieldset name="info" label="Header info">  
          <field type="spacer" class="text" label="...........................................Header.info....................................................." />    
          <field name="info" type="text" default="PERSONAL APPROACH WITH PROVEN RESULTS" size="50" label="info" description="info"/>
		  <field name="infoc" type="radio" default="1" class="btn-group"  label="" description="disabled info">
					<option value="0">Disabled</option>
					<option value="1">Enabled</option>
					</field>
		  </fieldset>
			<fieldset name="slideshow" label="Slideshow">
			<field type="spacer" class="text" label="...............................SLIDE.1..1920px/480px......................................................" />	
			<field name="foto1" type="media" label="Upload photo 1" description="" default="templates/dd_appledesign_75/images/slideshow/1.jpg"/>
			<field name="foto1p" type="media" label="Person photo" description="" default="templates/dd_appledesign_75/images/slideshow/aneta.jpg"/>
			 <field name="person_text1" type="textarea" default="Lorem ipsum dolor sit amet, consectetur adipiscing elit, sed do eiusmod tempor incididunt ut labore et dolore magna aliqua. Ut enim ad minim veniam, quis nostrud exercitation ullamco laboris nisi ut aliquip ex ea commodo consequat."  rows="8" cols="60" label="Person Text" description="Person Text"/>
			 <field name="button1" type="text" default="Read More" size="50" label="button1" description="button1"/>
			 <field name="buttonl1" type="text" default="http://" size="50" label="button link 1" description="button link 1"/>
			 
			<field type="spacer" class="text" label="...............................SLIDE.2..1920px/480px......................................................" />	
			<field name="foto2" type="media" label="Upload photo 2" description="" default="templates/dd_appledesign_75/images/slideshow/2.jpg"/>
			<field name="foto2p" type="media" label="Person photo" description="" default="templates/dd_appledesign_75/images/slideshow/aneta.jpg"/>
			<field name="person_text2" type="textarea" default="Lorem ipsum dolor sit amet, consectetur adipiscing elit, sed do eiusmod tempor incididunt ut labore et dolore magna aliqua. Ut enim ad minim veniam, quis nostrud exercitation ullamco laboris nisi ut aliquip ex ea commodo consequat."  rows="8" cols="60" label="Person Text" description="Person Text"/>
			<field name="button2" type="text" default="Read More" size="50" label="button2" description="button2"/>
			<field name="buttonl2" type="text" default="http://" size="50" label="button link 2" description="button link 2"/>
			
			<field type="spacer" class="text" label="...............................SLIDE.3..1920px/480px......................................................" />	
			<field name="foto3" type="media" label="Upload photo 3" description="" default="templates/dd_appledesign_75/images/slideshow/3.jpg"/>
			<field name="foto3p" type="media" label="Person photo" description="" default="templates/dd_appledesign_75/images/slideshow/aneta.jpg"/>
			<field name="person_text3" type="textarea" default="Lorem ipsum dolor sit amet, consectetur adipiscing elit, sed do eiusmod tempor incididunt ut labore et dolore magna aliqua. Ut enim ad minim veniam, quis nostrud exercitation ullamco laboris nisi ut aliquip ex ea commodo consequat."  rows="8" cols="60" label="Person Text" description="Person Text"/>
			<field name="button3" type="text" default="Read More" size="50" label="button3" description="button3"/>
			<field name="buttonl3" type="text" default="http://" size="50" label="button link 3" description="button link 3"/>
			
			<field type="spacer" class="text" label="...............................SLIDE.4..1920px/480px......................................................" />	
			<field name="foto4" type="media" label="Upload photo 4" description="" default="templates/dd_appledesign_75/images/slideshow/4.jpg"/>
			<field name="foto4p" type="media" label="Person photo" description="" default="templates/dd_appledesign_75/images/slideshow/aneta.jpg"/>
			<field name="person_text4" type="textarea" default="Lorem ipsum dolor sit amet, consectetur adipiscing elit, sed do eiusmod tempor incididunt ut labore et dolore magna aliqua. Ut enim ad minim veniam, quis nostrud exercitation ullamco laboris nisi ut aliquip ex ea commodo consequat."  rows="8" cols="60" label="Person Text" description="Person Text"/>
		<field name="button4" type="text" default="Read More" size="50" label="button4" description="button4"/>
		<field name="buttonl4" type="text" default="http://" size="50" label="button link 4" description="button link 4"/>
		<field type="spacer" label="...................................Disable.text.slideschow.............................................................." />
			<field name="stc" type="radio" default="1" class="btn-group"  label="" description="disable slideshow text">
					<option value="0">Disabled</option>
					<option value="1">Enabled</option>
					</field>
			</fieldset>
			
			<!--hover gallery-->
				<fieldset name="Gallery" label="Hover Gallery">
			    <field type="spacer" class="text" label="..........................................1.HOVER GALLERY 200px/200px................................." />         
					
			<field name="foto6" type="media" label="Upload photo 1" description="" default="templates/dd_appledesign_75/images/gallery/1.jpeg"/>
			<field name="title6" type="text" default="Title 1" size="50" label="Title" description="Title hover image"/>
		    <field name="text6" type="textarea" default="Lorem ipsum dolor sit amet, consectetur adipiscing elit, sed do eiusmod tempor incididunt ut labore et dolore magna aliqua. " rows="8" cols="60"  label="Text" description="info text " />
			<field name="button6" type="text" default="Read More" size="50" label="Title button" description="Title button"/>
			<field name="link6" type="text" default="http://" size="50" label="Link button" description="Link button"/>
		    <field type="spacer" class="text" label="..........................................2.HOVER GALLERY 200px/200px................................." /> 
			<field name="foto7" type="media" label="Upload photo 2" description="" default="templates/dd_appledesign_75/images/gallery/2.jpeg"/>
			<field name="title7" type="text" default="Title 2" size="50" label="Title" description="Title hover image"/>
			<field name="text7" type="textarea" default="Lorem ipsum dolor sit amet, consectetur adipiscing elit, sed do eiusmod tempor incididunt ut labore et dolore magna aliqua. " rows="8" cols="60"  label="Text" description="info text " />
			<field name="button7" type="text" default="Read More" size="50" label="Title button" description="Title button"/>
			<field name="link7" type="text" default="http://" size="50" label="Link button" description="Link button"/>
			<field type="spacer" class="text" label="..........................................3.HOVER GALLERY 200px/200px................................." /> 
			<field name="foto8" type="media" label="Upload photo 3" description="" default="templates/dd_appledesign_75/images/gallery/3.jpeg"/>
			<field name="title8" type="text" default="Title 3" size="50" label="Title" description="Title hover image"/>
			<field name="text8" type="textarea" default="Lorem ipsum dolor sit amet, consectetur adipiscing elit, sed do eiusmod tempor incididunt ut labore et dolore magna aliqua. " rows="8" cols="60"  label="Text" description="info text " />
			<field name="button8" type="text" default="Read More" size="50" label="Title button" description="Title button"/>
			<field name="link8" type="text" default="http://" size="50" label="Link button" description="Link button"/>
			<field type="spacer" class="text" label="..........................................4.HOVER GALLERY 200px/200px................................." /> 
			<field name="foto9" type="media" label="Upload photo 4" description="" default="templates/dd_appledesign_75/images/gallery/4.jpeg"/>
			<field name="title9" type="text" default="Title 4" size="50" label="Title" description="Title hover image"/>
			<field name="text9" type="textarea" default="Lorem ipsum dolor sit amet, consectetur adipiscing elit, sed do eiusmod tempor incididunt ut labore et dolore magna aliqua. " rows="8" cols="60"  label="Text" description="info text " />
			<field name="button9" type="text" default="Read More" size="50" label="Title button" description="Title button"/>
			<field name="link9" type="text" default="http://" size="50" label="Link button" description="Link button"/>
			<field type="spacer" class="text" label="&lt;b style='color:red;'&gt;Disabled four images! / wyłącz cztery fotogafie pod nagłówkiem !&lt;/b&gt;&lt;/a&gt;" />
			<field name="galleryc" type="radio" default="1" class="btn-group" label="" description="test">
					<option value="0">Disabled</option>
					<option value="1">Enabled</option>
				</field>
				
			</fieldset>
			
			<fieldset name="maps" label="Google Map">
			 <field type="spacer" class="text" label="...........................................Google.Maps.................................................." />   
            <field name="map1" type="text" default="Krakow" label="City" description="City" filter="string" />
			<field name="map2" type="text" default="NowaHuta" label="Street" description="Street" filter="string" />
			
			<field type="spacer" label="Disable Map" />
			<field name="mc" type="radio" default="1" class="btn-group"  label="" description="map">
					<option value="0">Disabled</option>
					<option value="1">Enabled</option>
					</field>
	  </fieldset>
      <fieldset name="footer" label="Footer">  
          <field type="spacer" class="text" label="...........................................FOOTER......................................................." />    
          <field name="footer1" type="text" default="Apple Design" size="50" label="Site name" description="footer site name"/>
</fieldset>	
    </fields>
  </config>
  <languages folder="language">
    <language tag="en-GB">en-GB/en-GB.tpl_dd_appledesign_75.ini</language>
  </languages>
</extension>
